index,plan_id,valid,start_line,end_line,num_lines,out_file,source_file
1,dc38f487a677,1,1,44,44,0001_dc38f487a677.log,test_data.log
2,36b38c5e4b22,1,46,83,38,0002_36b38c5e4b22.log,test_data.log
3,ac2364129c01,1,85,124,40,0003_ac2364129c01.log,test_data.log
4,777215150ad6,1,126,152,27,0004_777215150ad6.log,test_data.log
5,9414e686960c,1,154,189,36,0005_9414e686960c.log,test_data.log
6,9da5f3b041f1,1,191,224,34,0006_9da5f3b041f1.log,test_data.log
7,7802a657b6b2,1,226,259,34,0007_7802a657b6b2.log,test_data.log
8,c319b09da6e1,1,261,310,50,0008_c319b09da6e1.log,test_data.log
9,468cb7b62df2,1,312,368,57,0009_468cb7b62df2.log,test_data.log
10,e6693a3597a4,1,370,462,93,0010_e6693a3597a4.log,test_data.log
11,324f8dc52233,1,464,538,75,0011_324f8dc52233.log,test_data.log
12,e1fb7a1dcf7f,1,540,578,39,0012_e1fb7a1dcf7f.log,test_data.log
13,3047033292c2,1,580,629,50,0013_3047033292c2.log,test_data.log
14,a032bc149de5,1,631,679,49,0014_a032bc149de5.log,test_data.log
15,497ebfcfab87,1,681,727,47,0015_497ebfcfab87.log,test_data.log
16,c29044835d82,1,729,779,51,0016_c29044835d82.log,test_data.log
17,1af2431c7d74,1,781,846,66,0017_1af2431c7d74.log,test_data.log
18,fbff7bcd26de,1,848,885,38,0018_fbff7bcd26de.log,test_data.log
19,6dd1dd0db604,1,887,933,47,0019_6dd1dd0db604.log,test_data.log
20,f74578e3b2e9,1,935,976,42,0020_f74578e3b2e9.log,test_data.log
21,825ef5dfea6f,1,978,1028,51,0021_825ef5dfea6f.log,test_data.log
22,20eac7064922,1,1030,1071,42,0022_20eac7064922.log,test_data.log
23,820c07b5dd1a,1,1073,1121,49,0023_820c07b5dd1a.log,test_data.log
24,2b40460f11e4,1,1123,1168,46,0024_2b40460f11e4.log,test_data.log
25,a47b879d470b,1,1170,1209,40,0025_a47b879d470b.log,test_data.log
26,5ad0da83e7b8,1,1211,1275,65,0026_5ad0da83e7b8.log,test_data.log
27,e87cc9f3a412,1,1277,1324,48,0027_e87cc9f3a412.log,test_data.log
28,384f80677da6,1,1326,1365,40,0028_384f80677da6.log,test_data.log
29,bd10c0243526,1,1367,1407,41,0029_bd10c0243526.log,test_data.log
30,5bc19b764e2b,1,1409,1467,59,0030_5bc19b764e2b.log,test_data.log
31,897f8cb18659,1,1469,1526,58,0031_897f8cb18659.log,test_data.log
32,12cc006dbcff,1,1528,1583,56,0032_12cc006dbcff.log,test_data.log
33,a35b62ebf397,1,1585,1628,44,0033_a35b62ebf397.log,test_data.log
34,429ef93c10e1,1,1630,1706,77,0034_429ef93c10e1.log,test_data.log
35,2eec58a9dd54,1,1708,1745,38,0035_2eec58a9dd54.log,test_data.log
36,e0c8766f118f,1,1747,1792,46,0036_e0c8766f118f.log,test_data.log
37,be8aebfd0c35,1,1794,1847,54,0037_be8aebfd0c35.log,test_data.log
38,8fde32fa0734,1,1849,1890,42,0038_8fde32fa0734.log,test_data.log
39,78ba1786a9e4,1,1892,1941,50,0039_78ba1786a9e4.log,test_data.log
40,3d6477aa830c,1,1943,1987,45,0040_3d6477aa830c.log,test_data.log
41,f0e63b8fad6d,1,1989,2023,35,0041_f0e63b8fad6d.log,test_data.log
42,a40e5e81d8c4,1,2025,2087,63,0042_a40e5e81d8c4.log,test_data.log
43,6c737c2371a5,1,2089,2129,41,0043_6c737c2371a5.log,test_data.log
44,dda44ec2a47a,1,2131,2173,43,0044_dda44ec2a47a.log,test_data.log
45,9f56de11c40e,1,2175,2222,48,0045_9f56de11c40e.log,test_data.log
46,f4da5b008d9f,1,2224,2282,59,0046_f4da5b008d9f.log,test_data.log
47,a3222898aaae,1,2284,2312,29,0047_a3222898aaae.log,test_data.log
48,2a946799ee42,1,2314,2346,33,0048_2a946799ee42.log,test_data.log
49,878f85281d67,1,2348,2396,49,0049_878f85281d67.log,test_data.log
50,d391f45ee37c,1,2398,2450,53,0050_d391f45ee37c.log,test_data.log
51,9efd7e115aee,1,2452,2497,46,0051_9efd7e115aee.log,test_data.log
52,d728896f4cd2,1,2499,2545,47,0052_d728896f4cd2.log,test_data.log
53,c0664cddd0ce,1,2547,2593,47,0053_c0664cddd0ce.log,test_data.log
54,ff52c1db1d97,1,2595,2644,50,0054_ff52c1db1d97.log,test_data.log
55,37c044278290,1,2646,2699,54,0055_37c044278290.log,test_data.log
56,f6b96f06439d,1,2701,2745,45,0056_f6b96f06439d.log,test_data.log
57,b11c82ba6042,1,2747,2793,47,0057_b11c82ba6042.log,test_data.log
58,9a6dc5fb3ac2,1,2795,2838,44,0058_9a6dc5fb3ac2.log,test_data.log
59,e3824141b11e,1,2840,2897,58,0059_e3824141b11e.log,test_data.log
60,e8dd611b2a9f,1,2899,2934,36,0060_e8dd611b2a9f.log,test_data.log
61,c043a3524f82,1,2936,2985,50,0061_c043a3524f82.log,test_data.log
62,1c2090bc4101,1,2987,3040,54,0062_1c2090bc4101.log,test_data.log
63,582d01b92329,1,3042,3088,47,0063_582d01b92329.log,test_data.log
64,68eb32a941a4,1,3090,3154,65,0064_68eb32a941a4.log,test_data.log
65,e3c699b5d1ae,1,3156,3215,60,0065_e3c699b5d1ae.log,test_data.log
66,d4a1f6406146,1,3217,3259,43,0066_d4a1f6406146.log,test_data.log
67,eb6e6e308898,1,3261,3308,48,0067_eb6e6e308898.log,test_data.log
68,33684aa9c41e,1,3310,3369,60,0068_33684aa9c41e.log,test_data.log
69,45ca5d4a45c3,1,3371,3401,31,0069_45ca5d4a45c3.log,test_data.log
70,7ab63184271e,1,3403,3452,50,0070_7ab63184271e.log,test_data.log
71,71f4671d16c4,1,3454,3503,50,0071_71f4671d16c4.log,test_data.log
72,60bf64e63056,1,3505,3577,73,0072_60bf64e63056.log,test_data.log
73,6a49540c9a36,1,3579,3643,65,0073_6a49540c9a36.log,test_data.log
74,cfd2bab4e8d5,1,3645,3687,43,0074_cfd2bab4e8d5.log,test_data.log
75,b451f24b0e27,1,3689,3734,46,0075_b451f24b0e27.log,test_data.log
76,f72a76038961,1,3736,3789,54,0076_f72a76038961.log,test_data.log
77,3350195db571,1,3791,3820,30,0077_3350195db571.log,test_data.log
78,bb5e559aef65,1,3822,3879,58,0078_bb5e559aef65.log,test_data.log
79,45d1ef29c953,1,3881,3922,42,0079_45d1ef29c953.log,test_data.log
80,22d88515d5cd,1,3924,3969,46,0080_22d88515d5cd.log,test_data.log
81,d6a75be2cd63,1,3971,4008,38,0081_d6a75be2cd63.log,test_data.log
82,a6f654e9f691,1,4010,4051,42,0082_a6f654e9f691.log,test_data.log
83,85c834a5336f,1,4053,4096,44,0083_85c834a5336f.log,test_data.log
84,c7bbb4188756,1,4098,4138,41,0084_c7bbb4188756.log,test_data.log
85,d432775eb5c7,1,4140,4192,53,0085_d432775eb5c7.log,test_data.log
86,b93636f6f0db,1,4194,4247,54,0086_b93636f6f0db.log,test_data.log
87,3d0c172e8f96,1,4249,4299,51,0087_3d0c172e8f96.log,test_data.log
88,a3899b268b07,1,4301,4339,39,0088_a3899b268b07.log,test_data.log
89,a03fc751efba,1,4341,4389,49,0089_a03fc751efba.log,test_data.log
90,536d58e2decd,1,4391,4440,50,0090_536d58e2decd.log,test_data.log
91,2005a4b63329,1,4442,4482,41,0091_2005a4b63329.log,test_data.log
92,a56ae95c3f2b,1,4484,4519,36,0092_a56ae95c3f2b.log,test_data.log
93,7b956d256d80,1,4521,4568,48,0093_7b956d256d80.log,test_data.log
94,aa61a082d59b,1,4570,4613,44,0094_aa61a082d59b.log,test_data.log
95,590146bfa4e0,1,4615,4656,42,0095_590146bfa4e0.log,test_data.log
96,2729e47d12da,1,4658,4719,62,0096_2729e47d12da.log,test_data.log
97,51da547a0f14,1,4721,4775,55,0097_51da547a0f14.log,test_data.log
98,923259e483f5,1,4777,4818,42,0098_923259e483f5.log,test_data.log
99,56aa2b31c11b,1,4820,4864,45,0099_56aa2b31c11b.log,test_data.log
100,f45f79d30df2,1,4866,4905,40,0100_f45f79d30df2.log,test_data.log
101,1291a4d649ec,1,4907,4971,65,0101_1291a4d649ec.log,test_data.log
102,4c79c2b21fae,1,4973,5006,34,0102_4c79c2b21fae.log,test_data.log
103,e8b78a291c3c,1,5008,5052,45,0103_e8b78a291c3c.log,test_data.log
104,981a4bd61590,1,5054,5102,49,0104_981a4bd61590.log,test_data.log
105,63bdef397482,1,5104,5149,46,0105_63bdef397482.log,test_data.log
106,e005f2eaeb31,1,5151,5192,42,0106_e005f2eaeb31.log,test_data.log
107,6696ddfdc7e3,1,5194,5246,53,0107_6696ddfdc7e3.log,test_data.log
108,96a0aa023d66,1,5248,5290,43,0108_96a0aa023d66.log,test_data.log
109,220990a29245,1,5292,5339,48,0109_220990a29245.log,test_data.log
110,99d63db0db6c,1,5341,5380,40,0110_99d63db0db6c.log,test_data.log
111,8fb43a20cfbc,1,5382,5439,58,0111_8fb43a20cfbc.log,test_data.log
112,b77ca77dbd72,1,5441,5497,57,0112_b77ca77dbd72.log,test_data.log
113,7299eb4278c1,1,5499,5551,53,0113_7299eb4278c1.log,test_data.log
114,e36fa9ca9c9f,1,5553,5584,32,0114_e36fa9ca9c9f.log,test_data.log
115,484fb23a288e,1,5586,5643,58,0115_484fb23a288e.log,test_data.log
116,c34d46c3476e,1,5645,5687,43,0116_c34d46c3476e.log,test_data.log
117,d9853d4aaaea,1,5689,5736,48,0117_d9853d4aaaea.log,test_data.log
118,a27737d6ccc5,1,5738,5789,52,0118_a27737d6ccc5.log,test_data.log
119,ebfbbd03de2b,1,5791,5821,31,0119_ebfbbd03de2b.log,test_data.log
120,1333a17d1ab0,1,5823,5876,54,0120_1333a17d1ab0.log,test_data.log
121,7a1622b0cc84,1,5878,5918,41,0121_7a1622b0cc84.log,test_data.log
122,b5e3e33ed1d4,1,5920,6005,86,0122_b5e3e33ed1d4.log,test_data.log
123,2307d741adb0,1,6007,6082,76,0123_2307d741adb0.log,test_data.log
124,db3026dbf6b7,1,6084,6120,37,0124_db3026dbf6b7.log,test_data.log
125,7f8d43b84333,1,6122,6175,54,0125_7f8d43b84333.log,test_data.log
126,2289b6815c20,1,6177,6218,42,0126_2289b6815c20.log,test_data.log
127,f3b5393715d8,1,6220,6245,26,0127_f3b5393715d8.log,test_data.log
128,b086fde6f323,1,6247,6285,39,0128_b086fde6f323.log,test_data.log
129,12527ee8743b,1,6287,6326,40,0129_12527ee8743b.log,test_data.log
130,d822b71691c0,1,6328,6374,47,0130_d822b71691c0.log,test_data.log
131,705b40d97e73,1,6376,6430,55,0131_705b40d97e73.log,test_data.log
132,5dc8e580dbde,1,6432,6464,33,0132_5dc8e580dbde.log,test_data.log
133,57124e9a82f9,1,6466,6505,40,0133_57124e9a82f9.log,test_data.log
134,fb422111cee5,1,6507,6546,40,0134_fb422111cee5.log,test_data.log
135,7c09d2a5302f,1,6548,6595,48,0135_7c09d2a5302f.log,test_data.log
136,824af92eccf0,1,6597,6650,54,0136_824af92eccf0.log,test_data.log
137,a1120452d685,1,6652,6694,43,0137_a1120452d685.log,test_data.log
138,2e651e3c0ec0,1,6696,6742,47,0138_2e651e3c0ec0.log,test_data.log
139,1194d00fd91f,1,6744,6791,48,0139_1194d00fd91f.log,test_data.log
140,5794134904d6,1,6793,6851,59,0140_5794134904d6.log,test_data.log
141,6dba3d0c9efa,1,6853,6899,47,0141_6dba3d0c9efa.log,test_data.log
142,b2ac701ece6c,1,6901,6933,33,0142_b2ac701ece6c.log,test_data.log
143,d13bf7fd1ffa,1,6935,6968,34,0143_d13bf7fd1ffa.log,test_data.log
144,3a6782a4e98b,1,6970,7018,49,0144_3a6782a4e98b.log,test_data.log
145,a1116d03aa46,1,7020,7060,41,0145_a1116d03aa46.log,test_data.log
146,b26dee1753ce,1,7062,7098,37,0146_b26dee1753ce.log,test_data.log
147,28f1423d4305,1,7100,7170,71,0147_28f1423d4305.log,test_data.log
148,9334da3768c7,1,7172,7225,54,0148_9334da3768c7.log,test_data.log
149,94c33576d8db,1,7227,7277,51,0149_94c33576d8db.log,test_data.log
150,45f6b579f901,1,7279,7325,47,0150_45f6b579f901.log,test_data.log
151,1473cc98f586,1,7327,7380,54,0151_1473cc98f586.log,test_data.log
152,c31b779770ae,1,7382,7433,52,0152_c31b779770ae.log,test_data.log
153,9778a6dcc5ef,1,7435,7507,73,0153_9778a6dcc5ef.log,test_data.log
154,c861d9fb00d9,1,7509,7583,75,0154_c861d9fb00d9.log,test_data.log
155,7dc842c18f6d,1,7585,7657,73,0155_7dc842c18f6d.log,test_data.log
156,6822b97fe78a,1,7659,7702,44,0156_6822b97fe78a.log,test_data.log
157,2a770b9c0185,1,7704,7752,49,0157_2a770b9c0185.log,test_data.log
158,8023b6e1954a,1,7754,7802,49,0158_8023b6e1954a.log,test_data.log
159,6883fe36e1be,1,7804,7837,34,0159_6883fe36e1be.log,test_data.log
160,fa2c6a62064b,1,7839,7882,44,0160_fa2c6a62064b.log,test_data.log
161,f0bc530f2008,1,7884,7927,44,0161_f0bc530f2008.log,test_data.log
162,41f013836e1b,1,7929,7967,39,0162_41f013836e1b.log,test_data.log
163,ae8aca30c496,1,7969,8021,53,0163_ae8aca30c496.log,test_data.log
164,10e7e03cf3fa,1,8023,8066,44,0164_10e7e03cf3fa.log,test_data.log
165,8e21bf126082,1,8068,8111,44,0165_8e21bf126082.log,test_data.log
166,92bca9effb91,1,8113,8155,43,0166_92bca9effb91.log,test_data.log
167,98a7c3e001e1,1,8157,8174,18,0167_98a7c3e001e1.log,test_data.log
168,3ed70b23bf80,1,8176,8195,20,0168_3ed70b23bf80.log,test_data.log
169,a31fff322e2f,1,8197,8216,20,0169_a31fff322e2f.log,test_data.log
170,6b4748e39a0e,1,8218,8237,20,0170_6b4748e39a0e.log,test_data.log
171,b6eeae507d57,1,8239,8256,18,0171_b6eeae507d57.log,test_data.log
172,d32a854178c6,1,8258,8275,18,0172_d32a854178c6.log,test_data.log
173,155e6e7895dd,1,8277,8294,18,0173_155e6e7895dd.log,test_data.log
174,95af0b395d43,1,8296,8313,18,0174_95af0b395d43.log,test_data.log
175,64b994f5e6f6,1,8315,8332,18,0175_64b994f5e6f6.log,test_data.log
176,83c0f743ecf6,1,8334,8351,18,0176_83c0f743ecf6.log,test_data.log
177,389127011f91,1,8353,8370,18,0177_389127011f91.log,test_data.log
178,7f5d5b705d32,1,8372,8389,18,0178_7f5d5b705d32.log,test_data.log
179,93ea67d93bdc,1,8391,8408,18,0179_93ea67d93bdc.log,test_data.log
180,41d721b91fcd,1,8410,8429,20,0180_41d721b91fcd.log,test_data.log
181,f715056b5efb,1,8431,8448,18,0181_f715056b5efb.log,test_data.log
182,3ace26551164,1,8450,8467,18,0182_3ace26551164.log,test_data.log
183,c76067837e86,1,8469,8486,18,0183_c76067837e86.log,test_data.log
184,f1ea2335d8d3,1,8488,8505,18,0184_f1ea2335d8d3.log,test_data.log
185,53abdc4cc16c,1,8507,8568,62,0185_53abdc4cc16c.log,test_data.log
186,b08738774f5c,1,8570,8604,35,0186_b08738774f5c.log,test_data.log
187,e127f7f2325d,1,8606,8644,39,0187_e127f7f2325d.log,test_data.log
188,2ee07448b9e0,1,8646,8678,33,0188_2ee07448b9e0.log,test_data.log
189,94b7fabf825c,1,8680,8723,44,0189_94b7fabf825c.log,test_data.log
190,6c3bb771f7b8,1,8725,8767,43,0190_6c3bb771f7b8.log,test_data.log
191,73571b41cc42,1,8769,8845,77,0191_73571b41cc42.log,test_data.log
192,ec8653f5682f,1,8847,8909,63,0192_ec8653f5682f.log,test_data.log
193,605d7867dfbc,1,8911,8955,45,0193_605d7867dfbc.log,test_data.log
194,82969b4f313d,1,8957,8991,35,0194_82969b4f313d.log,test_data.log
195,926b957cc140,1,8993,9036,44,0195_926b957cc140.log,test_data.log
196,eaa2e5a4f676,1,9038,9083,46,0196_eaa2e5a4f676.log,test_data.log
197,320e1bd330ee,1,9085,9130,46,0197_320e1bd330ee.log,test_data.log
198,32b4088d1659,1,9132,9174,43,0198_32b4088d1659.log,test_data.log
199,28b4d980ad89,1,9176,9233,58,0199_28b4d980ad89.log,test_data.log
200,f3f523c7d354,1,9235,9282,48,0200_f3f523c7d354.log,test_data.log
201,7b4500e5b391,1,9284,9337,54,0201_7b4500e5b391.log,test_data.log
202,403fc49293a2,1,9339,9384,46,0202_403fc49293a2.log,test_data.log
203,d09db3a93001,1,9386,9403,18,0203_d09db3a93001.log,test_data.log
204,a2af4eb6cbe7,1,9405,9424,20,0204_a2af4eb6cbe7.log,test_data.log
205,aab3bd73beb6,1,9426,9445,20,0205_aab3bd73beb6.log,test_data.log
206,afcf54ee3f6b,1,9447,9464,18,0206_afcf54ee3f6b.log,test_data.log
207,1ad080955cac,1,9466,9483,18,0207_1ad080955cac.log,test_data.log
208,935044bd6915,1,9485,9502,18,0208_935044bd6915.log,test_data.log
209,1242d8a7423a,1,9504,9521,18,0209_1242d8a7423a.log,test_data.log
210,1242d8a73f3a,1,9523,9540,18,0210_1242d8a73f3a.log,test_data.log
211,c9b0eac149eb,1,9542,9584,43,0211_c9b0eac149eb.log,test_data.log
212,b6cbae5707db,1,9586,9625,40,0212_b6cbae5707db.log,test_data.log
213,a2176bb50ae4,1,9627,9674,48,0213_a2176bb50ae4.log,test_data.log
214,33ac4b512aea,1,9676,9705,30,0214_33ac4b512aea.log,test_data.log
215,fe9b7b772141,1,9707,9817,111,0215_fe9b7b772141.log,test_data.log
216,dff8f4fd6036,1,9819,9863,45,0216_dff8f4fd6036.log,test_data.log
217,d18cfe8c3b54,1,9865,9904,40,0217_d18cfe8c3b54.log,test_data.log
218,338a6e181342,1,9906,9961,56,0218_338a6e181342.log,test_data.log
219,67341a1f45c4,1,9963,10089,127,0219_67341a1f45c4.log,test_data.log
220,c62474d4e6af,1,10091,10131,41,0220_c62474d4e6af.log,test_data.log
221,719d9d890172,1,10133,10161,29,0221_719d9d890172.log,test_data.log
222,fb1eb68bdff5,1,10163,10210,48,0222_fb1eb68bdff5.log,test_data.log
223,33a2bfb0c305,1,10212,10261,50,0223_33a2bfb0c305.log,test_data.log
224,e47334f93228,1,10263,10307,45,0224_e47334f93228.log,test_data.log
225,7b6a68399721,1,10309,10355,47,0225_7b6a68399721.log,test_data.log
226,35326896dc49,1,10357,10394,38,0226_35326896dc49.log,test_data.log
227,c12d84a0baef,1,10396,10423,28,0227_c12d84a0baef.log,test_data.log
228,f313d98b3a60,1,10425,10469,45,0228_f313d98b3a60.log,test_data.log
229,3bd3dd27c635,1,10471,10517,47,0229_3bd3dd27c635.log,test_data.log
230,2fdc2551e2ad,1,10519,10558,40,0230_2fdc2551e2ad.log,test_data.log
231,6e2f9a644a13,1,10560,10617,58,0231_6e2f9a644a13.log,test_data.log
232,bff5f78ad44b,1,10619,10677,59,0232_bff5f78ad44b.log,test_data.log
233,fee993f38439,1,10679,10725,47,0233_fee993f38439.log,test_data.log
234,780b0801fc05,1,10727,10767,41,0234_780b0801fc05.log,test_data.log
235,13350437d859,1,10769,10807,39,0235_13350437d859.log,test_data.log
236,ceea6884bdee,1,10809,10857,49,0236_ceea6884bdee.log,test_data.log
237,cf0ae43bb58d,1,10859,10907,49,0237_cf0ae43bb58d.log,test_data.log
238,ae5a5ac75bf1,1,10909,10959,51,0238_ae5a5ac75bf1.log,test_data.log
239,a5093ca91834,1,10961,11001,41,0239_a5093ca91834.log,test_data.log
240,d01c88ecfd9f,1,11003,11044,42,0240_d01c88ecfd9f.log,test_data.log
241,6afc448a79f0,1,11046,11091,46,0241_6afc448a79f0.log,test_data.log
242,fefdee251caa,1,11093,11140,48,0242_fefdee251caa.log,test_data.log
243,b7507127b349,1,11142,11195,54,0243_b7507127b349.log,test_data.log
244,8621d08b9fa3,1,11197,11266,70,0244_8621d08b9fa3.log,test_data.log
245,80d4662b8ba7,1,11268,11318,51,0245_80d4662b8ba7.log,test_data.log
246,c876aad8beea,1,11320,11371,52,0246_c876aad8beea.log,test_data.log
247,5b46356b6f96,1,11373,11424,52,0247_5b46356b6f96.log,test_data.log
248,958423ba5634,1,11426,11491,66,0248_958423ba5634.log,test_data.log
249,c17cd755e987,1,11493,11554,62,0249_c17cd755e987.log,test_data.log
250,581fa0fd4578,1,11556,11597,42,0250_581fa0fd4578.log,test_data.log
251,311cd19d779c,1,11599,11645,47,0251_311cd19d779c.log,test_data.log
252,c58c7ca6e769,1,11647,11761,115,0252_c58c7ca6e769.log,test_data.log
253,708f1590f762,1,11763,11815,53,0253_708f1590f762.log,test_data.log
254,eefbf124439f,1,11817,11861,45,0254_eefbf124439f.log,test_data.log
255,f3e5fbb710a9,1,11863,11899,37,0255_f3e5fbb710a9.log,test_data.log
256,67e4dbc050e0,1,11901,11947,47,0256_67e4dbc050e0.log,test_data.log
257,ef1bc58bffe6,1,11949,11993,45,0257_ef1bc58bffe6.log,test_data.log
258,ce33dd5b412e,1,11995,12051,57,0258_ce33dd5b412e.log,test_data.log
259,e21ed9afa414,1,12053,12089,37,0259_e21ed9afa414.log,test_data.log
260,afaa32ef39dc,1,12091,12137,47,0260_afaa32ef39dc.log,test_data.log
261,2c2bb6472300,1,12139,12212,74,0261_2c2bb6472300.log,test_data.log
262,f3166a6e36bb,1,12214,12276,63,0262_f3166a6e36bb.log,test_data.log
263,faa9623ebbed,1,12278,12331,54,0263_faa9623ebbed.log,test_data.log
264,c56e8041d592,1,12333,12384,52,0264_c56e8041d592.log,test_data.log
265,934f472c4574,1,12386,12432,47,0265_934f472c4574.log,test_data.log
266,4224e2fc44e9,1,12434,12494,61,0266_4224e2fc44e9.log,test_data.log
267,bb15f4e5eaf8,1,12496,12635,140,0267_bb15f4e5eaf8.log,test_data.log
268,1eabd49d27e2,1,12637,12686,50,0268_1eabd49d27e2.log,test_data.log
269,d4891facf7a0,1,12688,12728,41,0269_d4891facf7a0.log,test_data.log
270,58b82c075215,1,12730,12781,52,0270_58b82c075215.log,test_data.log
271,3c38e7c9cac2,1,12783,12832,50,0271_3c38e7c9cac2.log,test_data.log
272,1063c862aadc,1,12834,12932,99,0272_1063c862aadc.log,test_data.log
273,b73168c7070c,1,12934,12983,50,0273_b73168c7070c.log,test_data.log
274,561fbcb572fe,1,12985,13018,34,0274_561fbcb572fe.log,test_data.log
275,70a841172d5e,1,13020,13068,49,0275_70a841172d5e.log,test_data.log
276,927869af53b9,1,13070,13105,36,0276_927869af53b9.log,test_data.log
277,1b7649b07e1d,1,13107,13154,48,0277_1b7649b07e1d.log,test_data.log
278,93f83d1483ee,1,13156,13232,77,0278_93f83d1483ee.log,test_data.log
279,acde3bf88482,1,13234,13300,67,0279_acde3bf88482.log,test_data.log
280,15f3d010c21c,1,13302,13348,47,0280_15f3d010c21c.log,test_data.log
281,7eb01ebf2cc2,1,13350,13393,44,0281_7eb01ebf2cc2.log,test_data.log
282,4160dff76a60,1,13395,13447,53,0282_4160dff76a60.log,test_data.log
283,8579f065ecc7,1,13449,13488,40,0283_8579f065ecc7.log,test_data.log
284,3e4b0321651a,1,13490,13528,39,0284_3e4b0321651a.log,test_data.log
285,cfe79a7ef302,1,13530,13587,58,0285_cfe79a7ef302.log,test_data.log
286,df90e9a84ec6,1,13589,13662,74,0286_df90e9a84ec6.log,test_data.log
287,c495dd129b82,1,13664,13706,43,0287_c495dd129b82.log,test_data.log
288,66c518369072,1,13708,13768,61,0288_66c518369072.log,test_data.log
289,f7840184d7ed,1,13770,13824,55,0289_f7840184d7ed.log,test_data.log
290,7c19728612ee,1,13826,13871,46,0290_7c19728612ee.log,test_data.log
291,4d47c04f743e,1,13873,13946,74,0291_4d47c04f743e.log,test_data.log
292,891394c3e04d,1,13948,14005,58,0292_891394c3e04d.log,test_data.log
293,71ad5cb7b1ac,1,14007,14051,45,0293_71ad5cb7b1ac.log,test_data.log
294,531d4699a21b,1,14053,14118,66,0294_531d4699a21b.log,test_data.log
295,c822168bc7bd,1,14120,14165,46,0295_c822168bc7bd.log,test_data.log
296,f2c2137823df,1,14167,14202,36,0296_f2c2137823df.log,test_data.log
297,98a531a3c3d8,1,14204,14237,34,0297_98a531a3c3d8.log,test_data.log
298,950ace16f61b,1,14239,14281,43,0298_950ace16f61b.log,test_data.log
299,82cc114d925b,1,14283,14331,49,0299_82cc114d925b.log,test_data.log
300,1e38ef783950,1,14333,14378,46,0300_1e38ef783950.log,test_data.log
301,2ac47d934262,1,14380,14427,48,0301_2ac47d934262.log,test_data.log
302,9c3f27fc47d6,1,14429,14475,47,0302_9c3f27fc47d6.log,test_data.log
303,f3e790e0f609,1,14477,14519,43,0303_f3e790e0f609.log,test_data.log
304,2504c3cf9510,1,14521,14566,46,0304_2504c3cf9510.log,test_data.log
305,801129cc0b1a,1,14568,14626,59,0305_801129cc0b1a.log,test_data.log
306,8666dfa8378c,1,14628,14674,47,0306_8666dfa8378c.log,test_data.log
307,fde3a6a6305a,1,14676,14715,40,0307_fde3a6a6305a.log,test_data.log
308,aa979751621c,1,14717,14770,54,0308_aa979751621c.log,test_data.log
309,47a3ab144b0b,1,14772,14813,42,0309_47a3ab144b0b.log,test_data.log
310,5acb57d868c8,1,14815,14840,26,0310_5acb57d868c8.log,test_data.log
311,5477c5aa7443,1,14842,14927,86,0311_5477c5aa7443.log,test_data.log
312,762239f7b6aa,1,14929,14982,54,0312_762239f7b6aa.log,test_data.log
313,6175c3995805,1,14984,15017,34,0313_6175c3995805.log,test_data.log
314,a08b8c9606d0,1,15019,15050,32,0314_a08b8c9606d0.log,test_data.log
315,96a26b88b7d1,1,15052,15092,41,0315_96a26b88b7d1.log,test_data.log
316,bc691367e765,1,15094,15134,41,0316_bc691367e765.log,test_data.log
317,bc0436cd56d5,1,15136,15171,36,0317_bc0436cd56d5.log,test_data.log
318,96dacd9af8bf,1,15173,15222,50,0318_96dacd9af8bf.log,test_data.log
319,2457d65bdc54,1,15224,15262,39,0319_2457d65bdc54.log,test_data.log
320,4bacdfbbbd9f,1,15264,15307,44,0320_4bacdfbbbd9f.log,test_data.log
321,91c0c1206016,1,15309,15357,49,0321_91c0c1206016.log,test_data.log
322,9e42b19636a1,1,15359,15402,44,0322_9e42b19636a1.log,test_data.log
323,b0bdcb65e38c,1,15404,15444,41,0323_b0bdcb65e38c.log,test_data.log
324,ad026cba81e4,1,15446,15488,43,0324_ad026cba81e4.log,test_data.log
325,7dec9174aeda,1,15490,15533,44,0325_7dec9174aeda.log,test_data.log
326,4eb1bb871155,1,15535,15565,31,0326_4eb1bb871155.log,test_data.log
327,f8809b6fc20e,1,15567,15612,46,0327_f8809b6fc20e.log,test_data.log
328,58b1fd6549ca,1,15614,15659,46,0328_58b1fd6549ca.log,test_data.log
329,a0f2da74970a,1,15661,15693,33,0329_a0f2da74970a.log,test_data.log
330,705703a7a6f5,1,15695,15756,62,0330_705703a7a6f5.log,test_data.log
331,d9355cca6697,1,15758,15835,78,0331_d9355cca6697.log,test_data.log
332,6a8271b3b419,1,15837,15935,99,0332_6a8271b3b419.log,test_data.log
333,3ae8e552c432,1,15937,15974,38,0333_3ae8e552c432.log,test_data.log
334,21fd4bb46169,1,15976,16031,56,0334_21fd4bb46169.log,test_data.log
335,dde6969224fa,1,16033,16088,56,0335_dde6969224fa.log,test_data.log
336,7b8961c03cab,1,16090,16120,31,0336_7b8961c03cab.log,test_data.log
337,3801b56cfe6f,1,16122,16166,45,0337_3801b56cfe6f.log,test_data.log
338,83f486a5b942,1,16168,16207,40,0338_83f486a5b942.log,test_data.log
339,d2b4351f7148,1,16209,16270,62,0339_d2b4351f7148.log,test_data.log
340,360d496f76ae,1,16272,16315,44,0340_360d496f76ae.log,test_data.log
341,f54bb8bfc390,1,16317,16367,51,0341_f54bb8bfc390.log,test_data.log
342,e0be3ed7d71b,1,16369,16406,38,0342_e0be3ed7d71b.log,test_data.log
343,de8c5c1748fc,1,16408,16455,48,0343_de8c5c1748fc.log,test_data.log
344,af02d3cfc7b4,1,16457,16509,53,0344_af02d3cfc7b4.log,test_data.log
345,3895225a177a,1,16511,16561,51,0345_3895225a177a.log,test_data.log
346,2a34035a0566,1,16563,16611,49,0346_2a34035a0566.log,test_data.log
347,a6ab10fa1ac4,1,16613,16661,49,0347_a6ab10fa1ac4.log,test_data.log
348,3d1b443b872b,1,16663,16696,34,0348_3d1b443b872b.log,test_data.log
349,7bb62db196ab,1,16698,16739,42,0349_7bb62db196ab.log,test_data.log
350,bf252538cf41,1,16741,16778,38,0350_bf252538cf41.log,test_data.log
351,f94f9dc9bf55,1,16780,16819,40,0351_f94f9dc9bf55.log,test_data.log
352,66e99f7285e0,1,16821,16858,38,0352_66e99f7285e0.log,test_data.log
353,d622e17766cd,1,16860,16901,42,0353_d622e17766cd.log,test_data.log
354,bc113557f299,1,16903,16930,28,0354_bc113557f299.log,test_data.log
355,b6eb9252bf4c,1,16932,16979,48,0355_b6eb9252bf4c.log,test_data.log
356,1d1de85c876a,1,16981,17028,48,0356_1d1de85c876a.log,test_data.log
357,b46a8d3562c1,1,17030,17067,38,0357_b46a8d3562c1.log,test_data.log
358,eca2d53da9aa,1,17069,17111,43,0358_eca2d53da9aa.log,test_data.log
359,9fcd6b6e3056,1,17113,17166,54,0359_9fcd6b6e3056.log,test_data.log
360,9e4a5c2fc47b,1,17168,17241,74,0360_9e4a5c2fc47b.log,test_data.log
361,40647a2b90ce,1,17243,17306,64,0361_40647a2b90ce.log,test_data.log
362,cbfe2589ff14,1,17308,17376,69,0362_cbfe2589ff14.log,test_data.log
363,fa03c622d182,1,17378,17408,31,0363_fa03c622d182.log,test_data.log
364,bc5233116793,1,17410,17442,33,0364_bc5233116793.log,test_data.log
365,257bef982452,1,17444,17508,65,0365_257bef982452.log,test_data.log
366,33523fdb3a5c,1,17510,17588,79,0366_33523fdb3a5c.log,test_data.log
367,dee65cf2b799,1,17590,17632,43,0367_dee65cf2b799.log,test_data.log
368,9896e4e427b1,1,17634,17662,29,0368_9896e4e427b1.log,test_data.log
369,b656ef0cccd5,1,17664,17697,34,0369_b656ef0cccd5.log,test_data.log
370,5dd37cb86b1c,1,17699,17735,37,0370_5dd37cb86b1c.log,test_data.log
371,fe465f2eaa75,1,17737,17770,34,0371_fe465f2eaa75.log,test_data.log
372,cafe3a0dc1b4,1,17772,17827,56,0372_cafe3a0dc1b4.log,test_data.log
373,f78f6171ce51,1,17829,17969,141,0373_f78f6171ce51.log,test_data.log
374,a086142ff0ea,1,17971,18015,45,0374_a086142ff0ea.log,test_data.log
375,2da8fe6edc9d,1,18017,18061,45,0375_2da8fe6edc9d.log,test_data.log
376,226ca8084bc0,1,18063,18113,51,0376_226ca8084bc0.log,test_data.log
377,6c2da7518328,1,18115,18153,39,0377_6c2da7518328.log,test_data.log
378,af6f158f0e45,1,18155,18184,30,0378_af6f158f0e45.log,test_data.log
379,504d598b0f05,1,18186,18233,48,0379_504d598b0f05.log,test_data.log
380,eab8a69e16c3,1,18235,18264,30,0380_eab8a69e16c3.log,test_data.log
381,6cea3454053d,1,18266,18315,50,0381_6cea3454053d.log,test_data.log
382,7b99b60140d1,1,18317,18346,30,0382_7b99b60140d1.log,test_data.log
383,e701bf6590f5,1,18348,18378,31,0383_e701bf6590f5.log,test_data.log
384,c360d2f1731b,1,18380,18420,41,0384_c360d2f1731b.log,test_data.log
385,5afb2bb28fcb,1,18422,18471,50,0385_5afb2bb28fcb.log,test_data.log
386,c9ea7ab05cf3,1,18473,18506,34,0386_c9ea7ab05cf3.log,test_data.log
387,5e9105fda54d,1,18508,18577,70,0387_5e9105fda54d.log,test_data.log
388,15151ebff8cf,1,18579,18611,33,0388_15151ebff8cf.log,test_data.log
389,95b9c4e66414,1,18613,18678,66,0389_95b9c4e66414.log,test_data.log
390,33a29ed20541,1,18680,18735,56,0390_33a29ed20541.log,test_data.log
391,cdca7749f499,1,18737,18807,71,0391_cdca7749f499.log,test_data.log
392,4982df7809ff,1,18809,18853,45,0392_4982df7809ff.log,test_data.log
393,cb4c15e78913,1,18855,18922,68,0393_cb4c15e78913.log,test_data.log
394,e102d521edcf,1,18924,18992,69,0394_e102d521edcf.log,test_data.log
395,e6290b950d2a,1,18994,19029,36,0395_e6290b950d2a.log,test_data.log
396,a46c2963b1be,1,19031,19078,48,0396_a46c2963b1be.log,test_data.log
397,869bd48b36e9,1,19080,19130,51,0397_869bd48b36e9.log,test_data.log
398,4b8e690abb9c,1,19132,19169,38,0398_4b8e690abb9c.log,test_data.log
399,715ab4589147,1,19171,19208,38,0399_715ab4589147.log,test_data.log
400,f05c23c02b8d,1,19210,19279,70,0400_f05c23c02b8d.log,test_data.log
401,145d8eabed76,1,19281,19325,45,0401_145d8eabed76.log,test_data.log
402,6eef33a7bc02,1,19327,19384,58,0402_6eef33a7bc02.log,test_data.log
403,c5545a37522d,1,19386,19436,51,0403_c5545a37522d.log,test_data.log
404,49d09e4f66ac,1,19438,19478,41,0404_49d09e4f66ac.log,test_data.log
405,1b6a75444f4f,1,19480,19520,41,0405_1b6a75444f4f.log,test_data.log
406,f3214fe2bf70,1,19522,19559,38,0406_f3214fe2bf70.log,test_data.log
407,10ae1f845efa,1,19561,19608,48,0407_10ae1f845efa.log,test_data.log
408,6d3d29074870,1,19610,19649,40,0408_6d3d29074870.log,test_data.log
409,ef3a9585be2f,1,19651,19694,44,0409_ef3a9585be2f.log,test_data.log
410,ac58bf33e290,1,19696,19731,36,0410_ac58bf33e290.log,test_data.log
411,32f3a7819464,1,19733,19782,50,0411_32f3a7819464.log,test_data.log
412,5a68acb7b4dc,1,19784,19818,35,0412_5a68acb7b4dc.log,test_data.log
413,9c12ace1e687,1,19820,19849,30,0413_9c12ace1e687.log,test_data.log
414,ebc51c2e5a94,1,19851,19880,30,0414_ebc51c2e5a94.log,test_data.log
415,e4bdda8a4543,1,19882,19917,36,0415_e4bdda8a4543.log,test_data.log
416,5104e2d9cc37,1,19919,19957,39,0416_5104e2d9cc37.log,test_data.log
417,145fcf32f2f1,1,19959,20004,46,0417_145fcf32f2f1.log,test_data.log
418,3d0853d3633b,1,20006,20038,33,0418_3d0853d3633b.log,test_data.log
419,6fe6047b43ee,1,20040,20087,48,0419_6fe6047b43ee.log,test_data.log
420,cb765b5dfd4c,1,20089,20114,26,0420_cb765b5dfd4c.log,test_data.log
421,b571941bed86,1,20116,20156,41,0421_b571941bed86.log,test_data.log
422,25eb4b831d6c,1,20158,20214,57,0422_25eb4b831d6c.log,test_data.log
423,f799a7a0813f,1,20216,20267,52,0423_f799a7a0813f.log,test_data.log
424,88aa74526c32,1,20269,20316,48,0424_88aa74526c32.log,test_data.log
425,6a1222e52df2,1,20318,20367,50,0425_6a1222e52df2.log,test_data.log
426,36aa86b37b68,1,20369,20425,57,0426_36aa86b37b68.log,test_data.log
427,f379dca391b7,1,20427,20483,57,0427_f379dca391b7.log,test_data.log
428,7679e1636f08,1,20485,20562,78,0428_7679e1636f08.log,test_data.log
429,8bf8d2a7334c,1,20564,20622,59,0429_8bf8d2a7334c.log,test_data.log
430,dab524cdeb76,1,20624,20679,56,0430_dab524cdeb76.log,test_data.log
431,32df0e5fa0a1,1,20681,20748,68,0431_32df0e5fa0a1.log,test_data.log
432,f5af9f839c6c,1,20750,20800,51,0432_f5af9f839c6c.log,test_data.log
433,5dd68036f41d,1,20802,20850,49,0433_5dd68036f41d.log,test_data.log
434,71b832b85135,1,20852,20931,80,0434_71b832b85135.log,test_data.log
435,da8aa9f09932,1,20933,20986,54,0435_da8aa9f09932.log,test_data.log
436,54db697f6946,1,20988,21031,44,0436_54db697f6946.log,test_data.log
437,eaea423a1869,1,21033,21084,52,0437_eaea423a1869.log,test_data.log
438,4080c2c6e070,1,21086,21120,35,0438_4080c2c6e070.log,test_data.log
439,85f4f4c59994,1,21122,21154,33,0439_85f4f4c59994.log,test_data.log
440,557b081268cf,1,21156,21189,34,0440_557b081268cf.log,test_data.log
441,7b35baa8e31f,1,21191,21233,43,0441_7b35baa8e31f.log,test_data.log
442,f70673b7f1e1,1,21235,21273,39,0442_f70673b7f1e1.log,test_data.log
443,943b7f2e9d26,1,21275,21309,35,0443_943b7f2e9d26.log,test_data.log
444,1258e20c0d9d,1,21311,21352,42,0444_1258e20c0d9d.log,test_data.log
445,a1f9aae1b1f8,1,21354,21383,30,0445_a1f9aae1b1f8.log,test_data.log
446,923726036998,1,21385,21430,46,0446_923726036998.log,test_data.log
447,24f266e8045e,1,21432,21536,105,0447_24f266e8045e.log,test_data.log
448,890b12d74186,1,21538,21588,51,0448_890b12d74186.log,test_data.log
449,77ffe96001ef,1,21590,21649,60,0449_77ffe96001ef.log,test_data.log
450,bbaec1855a6a,1,21651,21693,43,0450_bbaec1855a6a.log,test_data.log
451,58b3a8a1f41b,1,21695,21748,54,0451_58b3a8a1f41b.log,test_data.log
452,cd86c730d1ff,1,21750,21803,54,0452_cd86c730d1ff.log,test_data.log
453,fe1e2914d421,1,21805,21862,58,0453_fe1e2914d421.log,test_data.log
454,b1b01225f768,1,21864,21900,37,0454_b1b01225f768.log,test_data.log
455,461732b5a0c8,1,21902,21927,26,0455_461732b5a0c8.log,test_data.log
456,b40fd99cba64,1,21929,21978,50,0456_b40fd99cba64.log,test_data.log
457,9131e7926139,1,21980,22014,35,0457_9131e7926139.log,test_data.log
458,eeeffc0dbbdd,1,22016,22056,41,0458_eeeffc0dbbdd.log,test_data.log
459,11a8b7e95cf9,1,22058,22075,18,0459_11a8b7e95cf9.log,test_data.log
460,2862cbcc4876,1,22077,22094,18,0460_2862cbcc4876.log,test_data.log
461,e58de102bbf2,1,22096,22113,18,0461_e58de102bbf2.log,test_data.log
462,34fb720c8f6f,1,22115,22132,18,0462_34fb720c8f6f.log,test_data.log
463,34fb720c906f,1,22134,22151,18,0463_34fb720c906f.log,test_data.log
464,426c4153fd75,1,22153,22202,50,0464_426c4153fd75.log,test_data.log
465,b722c25837eb,1,22204,22254,51,0465_b722c25837eb.log,test_data.log
466,104cff86c5fa,1,22256,22304,49,0466_104cff86c5fa.log,test_data.log
467,4cbfe9d2abdc,1,22306,22331,26,0467_4cbfe9d2abdc.log,test_data.log
468,51a3e53bd2ec,1,22333,22384,52,0468_51a3e53bd2ec.log,test_data.log
469,2ec88d85a922,1,22386,22438,53,0469_2ec88d85a922.log,test_data.log
470,7d2ddc775255,1,22440,22492,53,0470_7d2ddc775255.log,test_data.log
471,8741f9384152,1,22494,22539,46,0471_8741f9384152.log,test_data.log
472,f3c3a0c8a8f8,1,22541,22591,51,0472_f3c3a0c8a8f8.log,test_data.log
473,4beb44261bc8,1,22593,22640,48,0473_4beb44261bc8.log,test_data.log
474,57676af755a8,1,22642,22685,44,0474_57676af755a8.log,test_data.log
475,5a2a09a718ac,1,22687,22726,40,0475_5a2a09a718ac.log,test_data.log
476,b50c461362e6,1,22728,22787,60,0476_b50c461362e6.log,test_data.log
477,9995c1746bf7,1,22789,22845,57,0477_9995c1746bf7.log,test_data.log
478,dcee55fef3d7,1,22847,22907,61,0478_dcee55fef3d7.log,test_data.log
479,cee5e01ba689,1,22909,22963,55,0479_cee5e01ba689.log,test_data.log
480,aef848965a35,1,22965,23033,69,0480_aef848965a35.log,test_data.log
481,56d4bb752d1c,1,23035,23083,49,0481_56d4bb752d1c.log,test_data.log
482,ec9555a77d93,1,23085,23130,46,0482_ec9555a77d93.log,test_data.log
483,fce3b548fdcc,1,23132,23176,45,0483_fce3b548fdcc.log,test_data.log
484,d8179248f2ae,1,23178,23227,50,0484_d8179248f2ae.log,test_data.log
485,9225c0eedca5,1,23229,23334,106,0485_9225c0eedca5.log,test_data.log
486,32efc803ff01,1,23336,23386,51,0486_32efc803ff01.log,test_data.log
487,1675f5671c24,1,23388,23429,42,0487_1675f5671c24.log,test_data.log
488,71b75ef2971b,1,23431,23461,31,0488_71b75ef2971b.log,test_data.log
489,eb04df12bea1,1,23463,23509,47,0489_eb04df12bea1.log,test_data.log
490,8f17191645d0,1,23511,23550,40,0490_8f17191645d0.log,test_data.log
491,c0887cf67a4a,1,23552,23595,44,0491_c0887cf67a4a.log,test_data.log
492,4db88f353c24,1,23597,23638,42,0492_4db88f353c24.log,test_data.log
493,4a6ab8aa7f01,1,23640,23682,43,0493_4a6ab8aa7f01.log,test_data.log
494,24f7c1ede7f7,1,23684,23735,52,0494_24f7c1ede7f7.log,test_data.log
495,74d6ba91caf2,1,23737,23812,76,0495_74d6ba91caf2.log,test_data.log
496,2714f3c2a978,1,23814,23854,41,0496_2714f3c2a978.log,test_data.log
497,cefda7eeea36,1,23856,23907,52,0497_cefda7eeea36.log,test_data.log
498,2bdc05c73743,1,23909,23962,54,0498_2bdc05c73743.log,test_data.log
499,66abb0502bde,1,23964,24027,64,0499_66abb0502bde.log,test_data.log
500,3df80f4b49bd,1,24029,24084,56,0500_3df80f4b49bd.log,test_data.log
501,4ae0d385a832,1,24086,24146,61,0501_4ae0d385a832.log,test_data.log
502,c8d64b4e1e0f,1,24148,24202,55,0502_c8d64b4e1e0f.log,test_data.log
503,f0b41871673e,1,24204,24250,47,0503_f0b41871673e.log,test_data.log
504,96a5b02b4b6b,1,24252,24306,55,0504_96a5b02b4b6b.log,test_data.log
505,ade9cb4edd73,1,24308,24360,53,0505_ade9cb4edd73.log,test_data.log
506,3152b8f628f6,1,24362,24417,56,0506_3152b8f628f6.log,test_data.log
507,9ceec2b30ba1,1,24419,24470,52,0507_9ceec2b30ba1.log,test_data.log
508,44821b8680b1,1,24472,24507,36,0508_44821b8680b1.log,test_data.log
509,59c46beb6550,1,24509,24549,41,0509_59c46beb6550.log,test_data.log
510,bc105394c992,1,24551,24595,45,0510_bc105394c992.log,test_data.log
511,1b064c5aac3c,1,24597,24650,54,0511_1b064c5aac3c.log,test_data.log
512,ef4f3585eda1,1,24652,24694,43,0512_ef4f3585eda1.log,test_data.log
513,16dba8122956,1,24696,24738,43,0513_16dba8122956.log,test_data.log
514,25cce74c5fb8,1,24740,24787,48,0514_25cce74c5fb8.log,test_data.log
515,fb0fe041edd9,1,24789,24839,51,0515_fb0fe041edd9.log,test_data.log
516,2ea9ab0c864c,1,24841,24877,37,0516_2ea9ab0c864c.log,test_data.log
517,5eec017bba87,1,24879,24934,56,0517_5eec017bba87.log,test_data.log
518,7a824ce51fe3,1,24936,24970,35,0518_7a824ce51fe3.log,test_data.log
519,20bffe740a80,1,24972,25024,53,0519_20bffe740a80.log,test_data.log
520,9973ed7cfac4,1,25026,25087,62,0520_9973ed7cfac4.log,test_data.log
521,e9a0779ee055,1,25089,25154,66,0521_e9a0779ee055.log,test_data.log
522,5450c81ada4f,1,25156,25208,53,0522_5450c81ada4f.log,test_data.log
523,835b9449a7d4,1,25210,25293,84,0523_835b9449a7d4.log,test_data.log
524,63afe1b4d4ab,1,25295,25361,67,0524_63afe1b4d4ab.log,test_data.log
525,4ac02acad007,1,25363,25403,41,0525_4ac02acad007.log,test_data.log
526,376c304169dd,1,25405,25443,39,0526_376c304169dd.log,test_data.log
527,4e1112a8b469,1,25445,25499,55,0527_4e1112a8b469.log,test_data.log
528,7ed4d2c008a5,1,25501,25538,38,0528_7ed4d2c008a5.log,test_data.log
529,80627c39c764,1,25540,25601,62,0529_80627c39c764.log,test_data.log
530,244766916daa,1,25603,25634,32,0530_244766916daa.log,test_data.log
531,8b8d9669ad56,1,25636,25681,46,0531_8b8d9669ad56.log,test_data.log
532,d7d01d9ef00a,1,25683,25732,50,0532_d7d01d9ef00a.log,test_data.log
533,b233d565e68e,1,25734,25778,45,0533_b233d565e68e.log,test_data.log
534,3add37cfc738,1,25780,25835,56,0534_3add37cfc738.log,test_data.log
535,db59ad9dd1b7,1,25837,25877,41,0535_db59ad9dd1b7.log,test_data.log
536,40c4100d6c4f,1,25879,25924,46,0536_40c4100d6c4f.log,test_data.log
537,1485293d7743,1,25926,25957,32,0537_1485293d7743.log,test_data.log
538,8719373530c4,1,25959,26001,43,0538_8719373530c4.log,test_data.log
539,81523444f4a7,1,26003,26053,51,0539_81523444f4a7.log,test_data.log
540,f5607e53fa98,1,26055,26108,54,0540_f5607e53fa98.log,test_data.log
541,37ab27b06511,1,26110,26154,45,0541_37ab27b06511.log,test_data.log
542,90b68248069d,1,26156,26216,61,0542_90b68248069d.log,test_data.log
543,2e418668f34e,1,26218,26275,58,0543_2e418668f34e.log,test_data.log
544,c434f1332d8d,1,26277,26331,55,0544_c434f1332d8d.log,test_data.log
545,98d1ec3d4e7d,1,26333,26377,45,0545_98d1ec3d4e7d.log,test_data.log
546,eabedded678f,1,26379,26418,40,0546_eabedded678f.log,test_data.log
547,fecb8669caf6,1,26420,26472,53,0547_fecb8669caf6.log,test_data.log
548,abb908d8e00f,1,26474,26532,59,0548_abb908d8e00f.log,test_data.log
549,6d415ac4cf63,1,26534,26586,53,0549_6d415ac4cf63.log,test_data.log
550,b912dc89026e,1,26588,26641,54,0550_b912dc89026e.log,test_data.log
551,5ffad15da1d5,1,26643,26695,53,0551_5ffad15da1d5.log,test_data.log
552,b7d668e1cb45,1,26697,26748,52,0552_b7d668e1cb45.log,test_data.log
553,c4634b5490a5,1,26750,26797,48,0553_c4634b5490a5.log,test_data.log
554,f93044b1a825,1,26799,26844,46,0554_f93044b1a825.log,test_data.log
555,6b0d492825e7,1,26846,26887,42,0555_6b0d492825e7.log,test_data.log
556,871d2ee4c7be,1,26889,26939,51,0556_871d2ee4c7be.log,test_data.log
557,95838d5e5033,1,26941,26999,59,0557_95838d5e5033.log,test_data.log
558,15ce2d800eef,1,27001,27037,37,0558_15ce2d800eef.log,test_data.log
559,949443e59898,1,27039,27083,45,0559_949443e59898.log,test_data.log
560,810aeee954d2,1,27085,27130,46,0560_810aeee954d2.log,test_data.log
561,118b07545e0d,1,27132,27175,44,0561_118b07545e0d.log,test_data.log
562,c6aaa255046a,1,27177,27221,45,0562_c6aaa255046a.log,test_data.log
563,1d00efeb7c3e,1,27223,27269,47,0563_1d00efeb7c3e.log,test_data.log
564,7fe538648ba5,1,27271,27331,61,0564_7fe538648ba5.log,test_data.log
565,c793298bf280,1,27333,27384,52,0565_c793298bf280.log,test_data.log
566,875c2889e30a,1,27386,27435,50,0566_875c2889e30a.log,test_data.log
567,c22d8f301830,1,27437,27501,65,0567_c22d8f301830.log,test_data.log
568,32bc9c6922c0,1,27503,27542,40,0568_32bc9c6922c0.log,test_data.log
569,df3dd3515c69,1,27544,27575,32,0569_df3dd3515c69.log,test_data.log
570,cc6bc864cd32,1,27577,27605,29,0570_cc6bc864cd32.log,test_data.log
571,d0bb040cfcd8,1,27607,27644,38,0571_d0bb040cfcd8.log,test_data.log
572,5046e23a9f1f,1,27646,27687,42,0572_5046e23a9f1f.log,test_data.log
573,6b35997cc29a,1,27689,27729,41,0573_6b35997cc29a.log,test_data.log
